Track Name,Artists,Album Name,Album ID,Track ID,Song Genre,Popularity,Release Date,Duration(ms),Explicit,External URLs,Danceability,Energy,Key,Loudness,Mode,Speechiness,Acousticness,Instrumentalness,Liveness,Valence,Tempo
Intezaar,"Arijit Singh, Mithoon, Asees Kaur",Intezaar,71whGqTrr3pCoiAsZx0SAe,6p2o4ep90wpkh0qzUmyFuO,,58,2019-11-07,267520,False,https://open.spotify.com/track/6p2o4ep90wpkh0qzUmyFuO,0.46,0.466,2,-7.721,1,0.0463,0.642,0.0,0.067,0.144,118.884
Aisay Kaisay,"Hasan Raheem, Abdullah Kasumbi",Aisay Kaisay,20BGLvUZVB6WuQijorqoDb,0mAswKg3RCbmXAV4KYTUxM,,62,2020-01-11,198857,False,https://open.spotify.com/track/0mAswKg3RCbmXAV4KYTUxM,0.577,0.428,0,-9.066,1,0.0302,0.467,2.61e-05,0.272,0.401,104.938
Insane,"AP Dhillon, Shinda Kahlon, Gurinder Gill, Gminxr",Insane,6EaHaUoczRLrDl5uqxSFW3,3UhmuWcFaLS3AO3kI9ynQ2,,75,2021-04-16,206061,False,https://open.spotify.com/track/3UhmuWcFaLS3AO3kI9ynQ2,0.796,0.572,8,-7.03,0,0.0545,0.416,2.55e-05,0.0975,0.304,98.967
Ma Belle,"AP Dhillon, Amari",Ma Belle,0q6ZMd3ScXa3Uql600gmcA,3D0pmiK3zyF9PudyJ8mkor,,69,2021-07-16,160825,False,https://open.spotify.com/track/3D0pmiK3zyF9PudyJ8mkor,0.908,0.314,0,-9.614,1,0.116,0.0424,4.15e-05,0.0727,0.244,97.011
Aaftaab,The Local Train,Vaaqif,7ouN1RiK4NRenRCnrGkA1Z,4LtSTc3xANVhYeeN69nscM,,60,2018-01-29,233472,False,https://open.spotify.com/track/4LtSTc3xANVhYeeN69nscM,0.464,0.391,6,-9.884,1,0.0384,0.755,9.64e-05,0.105,0.418,106.887
Dil Mere,The Local Train,Aalas Ka Pedh,4U2xdJPJfGo2HofVpSynwO,6ZmtxXUXRVjxOhugKkmerC,,64,2015-09-25,211290,False,https://open.spotify.com/track/6ZmtxXUXRVjxOhugKkmerC,0.655,0.473,8,-9.806,1,0.0267,0.842,0.0323,0.167,0.572,92.962
Aaoge Tum Kabhi,The Local Train,Aalas Ka Pedh,4U2xdJPJfGo2HofVpSynwO,5VSJ9OfZx8V91A7u8Fuoh1,,63,2015-09-25,313163,False,https://open.spotify.com/track/5VSJ9OfZx8V91A7u8Fuoh1,0.534,0.863,0,-4.616,1,0.0357,0.0152,0.0167,0.144,0.374,98.006
Waalian,Harnoor,Waalian,3TMR3K620scT4kBTSTMrnb,4hOsYVSWKWP71u3yQbcqZB,,63,2020-08-10,206118,False,https://open.spotify.com/track/4hOsYVSWKWP71u3yQbcqZB,0.722,0.335,1,-9.943,1,0.136,0.12,0.0,0.0747,0.266,85.034
Parshawan,Harnoor,Parshawan,6w6MwWpj1oR3lKpQPc8caY,6IaHIJYxIG8xbosaRr25AC,,58,2021-06-10,168000,False,https://open.spotify.com/track/6IaHIJYxIG8xbosaRr25AC,0.799,0.44,1,-7.422,0,0.061,0.559,0.0,0.105,0.43,90.006
Moonlight,Harnoor,Moonlight,2SuM7r0dc3cpegQeGyJcWZ,5FTcLPsQFX2NZaBQHbTz06,,54,2020-12-27,198620,False,https://open.spotify.com/track/5FTcLPsQFX2NZaBQHbTz06,0.668,0.544,8,-8.352,0,0.0842,0.124,0.0,0.121,0.433,135.691
DESIRES,"AP Dhillon, Gurinder Gill",HIDDEN GEMS,3fOswFPlmSWKTTFTlksdiv,5pcmtf1lwrMqmAWWm248fY,,70,2021-11-21,168000,False,https://open.spotify.com/track/5pcmtf1lwrMqmAWWm248fY,0.863,0.387,5,-10.057,0,0.256,0.365,0.00238,0.06,0.39,100.013
"Musafir (From ""Sweetiee Weds Nri"")","Palash Muchhal, Atif Aslam, Palak Muchhal","Musafir (From ""Sweetiee Weds Nri"")",4UJDRWBcXqOsK61EFIWvxH,6O6L3hL5IlKuMhMqggTX4w,,60,2017-05-15,310696,False,https://open.spotify.com/track/6O6L3hL5IlKuMhMqggTX4w,0.491,0.566,9,-4.668,0,0.0283,0.545,0.0,0.179,0.322,81.992
Nit Nit,Jasleen Royal,Nit Nit,4RxwQSQoIluErWi0NHUs05,6GT0oiQdjiYX91qgAMi7Vd,,63,2020-02-18,246136,False,https://open.spotify.com/track/6GT0oiQdjiYX91qgAMi7Vd,0.442,0.412,10,-10.675,1,0.0377,0.781,0.0237,0.15,0.235,176.019
Tera Hone Laga Hoon,"Atif Aslam, Alisha Chinai, Pritam",Ajab Prem Ki Ghazab Kahani (Original Motion Picture Soundtrack),13t8iDyl1vkhPcO3Zl29a9,0dLbrlAVPPjpPqnYfmJsWk,,71,2009-11-06,299827,False,https://open.spotify.com/track/0dLbrlAVPPjpPqnYfmJsWk,0.684,0.771,8,-5.353,1,0.0307,0.548,0.0,0.112,0.539,119.982
Abhi Kuch Dino Se,"Pritam, Mohit Chauhan",Dil Toh Baccha Hai Ji,4YPnhvF8PfaQrO3Jl8Tm0q,1QufGJee7k9v4Cfp2NxXbv,,63,2010-12-23,285687,False,https://open.spotify.com/track/1QufGJee7k9v4Cfp2NxXbv,0.703,0.695,4,-5.518,1,0.118,0.654,0.0,0.103,0.683,92.003
Haareya,"Sachin-Jigar, Arijit Singh, Priya Saraiya",Meri Pyaari Bindu,5aB2ao1SUs9f4bAmptE1yM,1VvGJIAjhGdB7InVP9NA7V,,60,2017-04-25,214736,False,https://open.spotify.com/track/1VvGJIAjhGdB7InVP9NA7V,0.675,0.392,4,-10.11,0,0.037,0.773,0.0,0.109,0.534,123.935
Dil Ye Bekarar Kyun Hai,"Pritam, Mohit Chauhan, Shreya Ghoshal",Players,2dCkNnMxaOrBKi4TcY53IO,074jI4LCbzZxhm223m6ori,,48,2011-11-29,276178,False,https://open.spotify.com/track/074jI4LCbzZxhm223m6ori,0.675,0.533,0,-5.62,1,0.0349,0.293,0.0,0.113,0.91,134.976
,,,0LsMntGQeyWv89YBJXCNeN,3Nb0sHsDac1jX6nO8tA4Nf,,0,0000,302319,False,https://open.spotify.com/track/3Nb0sHsDac1jX6nO8tA4Nf,0.326,0.6,3,-5.882,1,0.106,0.738,3.98e-06,0.0677,0.475,193.126
Chaand Baaliyan,Aditya A,Chaand Baaliyan,0Q40XX2V1XxzMSyFi95J7h,0vaPHw608M1jHif7kO2TSc,,0,2020-03-28,103340,False,https://open.spotify.com/track/0vaPHw608M1jHif7kO2TSc,0.692,0.388,0,-9.114,1,0.0361,0.811,0.0,0.103,0.895,97.321
,,,3ztDG95Y1zI3eaCTySv7DU,12Ud5p81gFX8feLUGpewfV,,0,0000,283111,False,https://open.spotify.com/track/12Ud5p81gFX8feLUGpewfV,0.46,0.384,0,-7.931,1,0.0313,0.706,0.000773,0.146,0.302,79.877
,,,3ztDG95Y1zI3eaCTySv7DU,3hp6JfJIxkv3sl7E6p7DQj,,0,0000,283070,False,https://open.spotify.com/track/3hp6JfJIxkv3sl7E6p7DQj,0.449,0.421,4,-8.92,1,0.0272,0.387,0.000108,0.11,0.203,163.747
Hoor,"Atif Aslam, Sachin-Jigar","Hoor (From ""Hindi Medium"")",5qcZWJ4CjgZNSwJ0aOcMFV,4mjTMmz0j6Wl3GhODoPqTx,,54,2017-04-19,237360,False,https://open.spotify.com/track/4mjTMmz0j6Wl3GhODoPqTx,0.321,0.432,4,-7.777,1,0.0304,0.505,1.18e-05,0.278,0.366,150.148
Meri Baaton Mein Tu,Anuv Jain,Meri Baaton Mein Tu,4L79tNWi1gfRrbuzW0Vwfn,5nTbPFqLKmQdIg1SD8KgG4,,61,2022-03-04,213986,False,https://open.spotify.com/track/5nTbPFqLKmQdIg1SD8KgG4,0.623,0.455,0,-9.793,1,0.0302,0.426,0.0,0.145,0.233,142.878
Samjho Na,Aditya Rikhari,Samjho Na,6qe761tZyhwboJVLXlXJ7B,1d5lpW3gUyq537iuyrb9Lf,,74,2022-02-10,172408,False,https://open.spotify.com/track/1d5lpW3gUyq537iuyrb9Lf,0.744,0.328,0,-12.535,1,0.231,0.681,0.0002,0.128,0.532,98.923
Ishq Bulaava,"Vishal-Shekhar, Sanam Puri, Shipra Goyal",Hasee Toh Phasee (Original Motion Picture Soundtrack),3PxXJhlxSQkj8JO7IXy0FE,1fkjRQA8wXPPyxqYLbxuqy,,65,2014-01-05,303640,False,https://open.spotify.com/track/1fkjRQA8wXPPyxqYLbxuqy,0.579,0.713,7,-7.334,1,0.0318,0.617,3.33e-05,0.118,0.635,159.915
"Mann Mera (From ""Table No. 21"")",Gajendra Verma,Table No. 21,3O895TQZsINpYkZuMtIwFF,2BeY2dQPbD8xYxx3yhBTVD,,0,2012-12-19,198125,False,https://open.spotify.com/track/2BeY2dQPbD8xYxx3yhBTVD,0.54,0.774,1,-7.873,0,0.0444,0.0524,0.0,0.142,0.384,191.809
Pal Behta Jaaye,Vismay Patel,Pal Behta Jaaye,0TGb91XBYJ9BZbFpgyNMjc,0fIbPMXnTdyuW2UirA9mWQ,,69,2020-06-13,174545,False,https://open.spotify.com/track/0fIbPMXnTdyuW2UirA9mWQ,0.776,0.223,8,-13.686,1,0.0379,0.721,3.8e-06,0.119,0.196,109.966
Aziyat 2.0 - Reprise Version,Pratsofficial,Aziyat 2.0 (Reprise Version),6Pe9mPc7ynVPgtBWwLVXgL,3fwyItGexa88kR8j76dIqv,,69,2021-01-16,194286,False,https://open.spotify.com/track/3fwyItGexa88kR8j76dIqv,0.445,0.28,10,-12.668,1,0.0275,0.819,1.29e-05,0.111,0.299,104.743
Kaise Bataaoon,"KK, Sonal Chauhan",3G - A Killer Connection,1hEMBRWMPmYrBtvgDqGfjx,2jMsqX0TfKTi24dZSSPjbo,,0,2013-02-25,281611,False,https://open.spotify.com/track/2jMsqX0TfKTi24dZSSPjbo,0.67,0.502,11,-7.155,1,0.0534,0.698,3.51e-06,0.104,0.386,107.495
Pasoori,"Shae Gill, Ali Sethi",Pasoori,7wgrW5XyZdtk0K8PkW5A7h,7lvDsmTRXFE3dK4OjvRiWB,,76,2022-02-07,224147,False,https://open.spotify.com/track/7lvDsmTRXFE3dK4OjvRiWB,0.714,0.596,11,-6.206,0,0.043,0.0657,0.0,0.0625,0.669,91.991
Sun Lo Na (Raw),Suzonn,Sun Lo Na (Raw),7a8T0I1HT997IRasqIXwcL,6SWsSQnuTOyE6DOJG7Zdi4,,37,2020-06-15,174467,False,https://open.spotify.com/track/6SWsSQnuTOyE6DOJG7Zdi4,0.856,0.178,1,-15.241,1,0.0464,0.748,0.00593,0.0937,0.632,130.089
Sun Lo Na,Suzonn,Sun Lo Na,3R3QfRIrsFNGD41uqTS3TO,3DWkYRm35UkcM1V0icj6lo,,25,2020-04-01,164173,False,https://open.spotify.com/track/3DWkYRm35UkcM1V0icj6lo,0.713,0.236,1,-13.288,1,0.0373,0.886,0.0,0.091,0.647,139.75
Mizaaj,The Local Train,Vaaqif,7ouN1RiK4NRenRCnrGkA1Z,0PivOoKM1sECNTsZ7K6N3h,,47,2018-01-29,263509,False,https://open.spotify.com/track/0PivOoKM1sECNTsZ7K6N3h,0.535,0.701,1,-5.905,0,0.0297,0.00649,6.37e-06,0.403,0.334,138.05
Aankhon Se Batana,Dikshant,Aankhon Se Batana,57FSK7an8LmvStMZviJ8Ws,1ZiReD9pPTttQWwSoYqdyH,,73,2022-04-12,221271,False,https://open.spotify.com/track/1ZiReD9pPTttQWwSoYqdyH,0.544,0.307,10,-11.361,1,0.0334,0.791,0.0,0.11,0.335,177.808
Nazar Laaye - Reprise,"A.R. Rahman, Rashid Ali, Neeti Mohan",Raanjhanaa (Original Motion Picture Soundtrack),24C47633GRlozws7WBth7t,3h44S4bynHkbKVP2mogqdX,,57,2013-05-31,235973,False,https://open.spotify.com/track/3h44S4bynHkbKVP2mogqdX,0.666,0.439,4,-11.383,1,0.027,0.287,0.00417,0.121,0.417,87.997
Rait Zara Si,"A.R. Rahman, Arijit Singh, Shashaa Tirupati",Atrangi Re,3UkMnMdm9Jq7eXIfv0YMXm,3gOXq3FPPesm7VLPKmef6j,,66,2021-12-06,291462,False,https://open.spotify.com/track/3gOXq3FPPesm7VLPKmef6j,0.563,0.495,2,-10.272,1,0.0362,0.781,0.0,0.0837,0.244,125.998
Iktara,"Amit Trivedi, Kavita Seth, Amitabh Bhattacharya",Wake Up Sid (Original Motion Picture Soundtrack),1fzE65RP7Gyhi8hdOv8eRQ,3jtKSUiVDowKNBqVQbWaig,,56,2009-08-21,253773,False,https://open.spotify.com/track/3jtKSUiVDowKNBqVQbWaig,0.616,0.525,7,-7.065,1,0.0258,0.401,0.000484,0.309,0.427,79.976
Jind Meriye,Sachet Tandon,Jersey (Original Motion Picture Soundtrack),6h9ocjrohsvcr6CNNij3Bq,556rjsHtv5GkuVebpCcDx6,,0,2022-04-12,238815,False,https://open.spotify.com/track/556rjsHtv5GkuVebpCcDx6,0.475,0.629,1,-3.801,1,0.0257,0.248,0.0,0.154,0.217,89.967
Main Dhoondne Ko Zamaane Mein,Arijit Singh,Heartless,1hPrjTLgnaAlEmDIDtfd5X,75p6BrziB5urmwPCeXl3y7,,71,2014-01-08,262987,False,https://open.spotify.com/track/75p6BrziB5urmwPCeXl3y7,0.329,0.45,2,-6.312,0,0.0405,0.594,0.0,0.13,0.284,80.095
,,,1CVajptA0SUt4262gD743V,07OdNzugIdoHHjjNo6LnAr,,0,0000,343023,False,https://open.spotify.com/track/07OdNzugIdoHHjjNo6LnAr,0.448,0.449,8,-8.244,1,0.0323,0.726,0.0,0.136,0.459,78.309
Kyun Main Jaagoon,Shafqat Amanat Ali,Patiala House,1DgIFH0yAPRPGBeCiJBvDv,6wsMVa2M6Ktea2UbnVoMvO,,60,2011-01-07,342065,False,https://open.spotify.com/track/6wsMVa2M6Ktea2UbnVoMvO,0.567,0.298,8,-11.243,1,0.0291,0.835,0.000804,0.117,0.217,129.733
Tujhi Mein,"Pritam, KK",Crook (Original Motion Picture Soundtrack),298NO23hfv1nhAE0gQ5vLN,1ojx892F09kNzzLyMGTsma,,45,2010-09-03,300827,False,https://open.spotify.com/track/1ojx892F09kNzzLyMGTsma,0.541,0.825,10,-3.66,0,0.0337,0.376,0.000445,0.0714,0.422,97.93
Bheegi Si Bhaagi Si,"Pritam, Mohit Chauhan, Antara Mitra",Raajneeti (Original Motion Picture Soundtrack),1XYXVtCbeTvyrE5pH4BoOg,665b3Nss3OQmhTUdB5hBXw,,60,2010-05-12,278093,False,https://open.spotify.com/track/665b3Nss3OQmhTUdB5hBXw,0.564,0.867,8,-6.21,1,0.121,0.361,0.0,0.262,0.815,88.919
Tum Mile - Lofi Flip,"KSW, Neeraj Shridhar, Pritam",Tum Mile (Lofi Flip),3HLuAGbNIeDhx1MlR9auER,1CsRoIeHaHRysPMoEaKRoQ,,66,2021-08-13,242103,False,https://open.spotify.com/track/1CsRoIeHaHRysPMoEaKRoQ,0.711,0.579,0,-11.059,1,0.0363,0.218,0.053,0.32,0.21,114.96
Befikar,"Tanzeel Khan, Aashna Hegde",Befikar,33KloUY2J8WBQI5BisMJ8E,0Qxis7LXvwqhCO2qOKCmLX,,64,2020-08-31,204923,False,https://open.spotify.com/track/0Qxis7LXvwqhCO2qOKCmLX,0.7,0.502,11,-8.958,1,0.0425,0.603,0.0,0.08,0.407,129.977
Khudaya Khair,"Pritam, Soham Chakraborty, Akriti Kakar, Monali Thakur",Billu,0Yh63z8eqUG51rnjnah5NN,2XYyriLyJSuGj4FN7QoNmM,,61,2009-01-05,280558,False,https://open.spotify.com/track/2XYyriLyJSuGj4FN7QoNmM,0.573,0.746,7,-5.699,1,0.0705,0.45,0.0,0.162,0.807,171.949
Saadi Galli Aaja,"Ayushmann Khurrana, Neeti Mohan",Latest Songs Of Ayushmann Khurrana,4cUIDQhSsQnkCLb3JIepxp,0qVNxbFE4EUV3mNFodXiln,,63,2017-09-12,253417,False,https://open.spotify.com/track/0qVNxbFE4EUV3mNFodXiln,0.739,0.836,2,-5.155,1,0.0325,0.195,3.64e-06,0.197,0.677,109.011
Ik Kahani,Gajendra Verma,Ik Kahani,7tbrU6IOGhRczM3EpGRQ6k,4dd9gI8s5V4D3VjMK6L8a3,,64,2017-11-22,205908,False,https://open.spotify.com/track/4dd9gI8s5V4D3VjMK6L8a3,0.712,0.621,2,-6.374,1,0.0278,0.116,5.43e-06,0.142,0.779,101.981
"Kesariya (From ""Brahmastra"")","Pritam, Arijit Singh, Amitabh Bhattacharya","Kesariya (From ""Brahmastra"")",1HeX4SmCFW4EPHQDvHgrVS,6VBhH7CyP56BXjp8VsDFPZ,,80,2022-07-17,268165,False,https://open.spotify.com/track/6VBhH7CyP56BXjp8VsDFPZ,0.577,0.574,0,-6.525,1,0.0278,0.572,0.0,0.1,0.436,94.009
"Dil (From ""Ek Villain Returns"")","Kaushik-Guddu, Raghav Chaitanya, Kunaal Vermaa","Dil (From ""Ek Villain Returns"")",5RFQhO7dqTjNfZt1Ei710x,043SPVu75TXbs94ZfM9dfn,,70,2022-07-08,309150,False,https://open.spotify.com/track/043SPVu75TXbs94ZfM9dfn,0.573,0.515,1,-7.227,0,0.0345,0.826,0.0,0.103,0.306,119.95
Mere Hi Liye,Aditya Rikhari,Mere Hi Liye,291oPe05YO1ov5qB8OudaQ,45XrNWM9E5KmdQkFbRNlrF,,54,2022-07-21,238839,False,https://open.spotify.com/track/45XrNWM9E5KmdQkFbRNlrF,0.728,0.16,5,-15.623,0,0.0565,0.814,0.0,0.116,0.509,125.896
O Khuda,"Amaal Mallik, Palak Muchhal",Hero,7Ej3CO7qrOBPXGvXZA10Fl,5bdX7jiXtSbHX35pgxJo8p,,64,2015-08-14,307451,False,https://open.spotify.com/track/5bdX7jiXtSbHX35pgxJo8p,0.358,0.479,4,-5.879,0,0.0286,0.511,9.72e-06,0.435,0.333,121.467
Baatein Kuch Ankahee,"Pritam, Adnan Sami",Life In A Metro (Original Motion Picture Soundtrack),6leYdBPs1XzfUgpc8xgeSi,5arambGXhSW6TZUR9L0tSw,,58,2007-03-17,275413,False,https://open.spotify.com/track/5arambGXhSW6TZUR9L0tSw,0.658,0.537,0,-7.604,1,0.0281,0.156,2.88e-06,0.176,0.231,121.968
,,,46w13NaCu6Tw84r0qr8GPA,4iuKSwDndIZ4KgQDWFgXk7,,0,0000,299468,False,https://open.spotify.com/track/4iuKSwDndIZ4KgQDWFgXk7,0.685,0.461,2,-6.202,1,0.0269,0.729,3.3e-06,0.111,0.385,106.024
Pakeezah,Gulraj Singh,Ungli (Original Motion Picture Soundtrack),7EHmKdpuGODFjbflV70k2y,3RAqJsgCOpwiPhkqmEvgI0,,50,2014-11-18,265194,False,https://open.spotify.com/track/3RAqJsgCOpwiPhkqmEvgI0,0.731,0.473,7,-9.328,1,0.0266,0.258,0.0,0.0742,0.643,101.97
"Tere Mere (From ""Chef"")","Armaan Malik, Amaal Mallik","Tere Mere (From ""Chef"")",5ai6P8YdAKmn5STx4HVH7n,4lBO4Q7Pa816Mk3ptYcYUz,,58,2017-09-11,343544,False,https://open.spotify.com/track/4lBO4Q7Pa816Mk3ptYcYUz,0.373,0.672,4,-5.797,1,0.0326,0.154,4.28e-05,0.321,0.47,84.503
Awargi,"Sangeet Haldipur, Rasika Shekar",Love Games - Love Dangerously,7spRZIb5LLwlduhasmtcSh,0EwPhF8iLyXi7cIdqmfL9y,,42,2016-03-09,273128,False,https://open.spotify.com/track/0EwPhF8iLyXi7cIdqmfL9y,0.542,0.454,7,-6.806,0,0.0258,0.482,0.0,0.12,0.227,80.961
Mar Jaayen,Atif Aslam,Loveshhuda (Original Motion Picture Soundtrack),4TvNMxmLTb70RVeNjs10Y6,1ZGZsRhYm4XEU7ZWhYBxJA,,52,2016-02-19,258752,False,https://open.spotify.com/track/1ZGZsRhYm4XEU7ZWhYBxJA,0.506,0.508,5,-6.34,1,0.0291,0.58,0.0,0.129,0.312,88.122
,,,5GpRdYZzZdQuau6MpH5MWH,58ynJq9eLLDChA3GNFJcDL,,0,0000,211579,False,https://open.spotify.com/track/58ynJq9eLLDChA3GNFJcDL,0.676,0.696,9,-6.68,1,0.0452,0.666,0.0,0.0931,0.606,94.945
Rang Jo Lagyo,"Atif Aslam, Shreya Ghoshal, Sachin-Jigar",Ramaiya Vastavaiya (Original Motion Picture Soundtrack),1VgXTSQsIrRn150j5MJrxR,6q4GmJDbiZ7viOqLHP76cs,,62,2013-07-19,296160,False,https://open.spotify.com/track/6q4GmJDbiZ7viOqLHP76cs,0.479,0.663,2,-6.314,1,0.0489,0.0987,0.0,0.216,0.379,158.107
Aye Khuda,Salim Merchant,Paathshaala,15bbskXdtqo6uN2IMC1NlF,1vgVsR5rkXGP4NmUcoroJH,,63,2010-03-15,280497,False,https://open.spotify.com/track/1vgVsR5rkXGP4NmUcoroJH,0.656,0.762,9,-6.328,1,0.0315,0.549,0.0,0.139,0.558,110.002
Baarishon Mein,Darshan Raval,Baarishon Mein,0HsLFcmpM2dtnQ30RuiCjT,7doebiokA0utWXWcw7rD82,,60,2022-07-08,224667,False,https://open.spotify.com/track/7doebiokA0utWXWcw7rD82,0.352,0.34,0,-10.002,1,0.0357,0.898,3.3e-06,0.0936,0.314,179.865
Phir Na Aisi Raat Aayegi,"Pritam, Arijit Singh, Amitabh Bhattacharya",Laal Singh Chaddha,5OLQiL6HaWJl734EqPjoY9,3yjpB9E0kIe3uXXuNNKqa4,,47,2022-08-05,283225,False,https://open.spotify.com/track/3yjpB9E0kIe3uXXuNNKqa4,0.435,0.418,1,-7.915,0,0.0295,0.903,0.0,0.1,0.212,128.049
Lage Nahi Man,Vismay Patel,Lage Nahi Man,1EKU9Nm6UNHQJg8F46agRR,6sdird6R3Bl7KXbCXpnPVy,,55,2022-05-10,191770,False,https://open.spotify.com/track/6sdird6R3Bl7KXbCXpnPVy,0.622,0.318,6,-16.183,1,0.0268,0.855,0.00102,0.117,0.508,124.938
Falsafa,Tanzeel Khan,Dastaan,3BfVvMni2DHlPGYBgaLWJv,5Kp1rDbVSa1ZS1nbCeB67J,,60,2022-03-14,180170,False,https://open.spotify.com/track/5Kp1rDbVSa1ZS1nbCeB67J,0.643,0.412,1,-11.847,1,0.0299,0.36,0.0,0.102,0.41,88.01
Dil Mera,Vismay Patel,Dil Mera,2Iujn8hMJlOPAKwzoQ9Ihr,0ZZT1LS2Y1CkOQqyGTb6tx,,45,2021-06-23,232625,False,https://open.spotify.com/track/0ZZT1LS2Y1CkOQqyGTb6tx,0.574,0.298,9,-12.637,1,0.0263,0.902,0.0,0.107,0.301,80.017
Muskurahat,Mitraz,Muskurahat,57G6FAPEMtXBDKEcsatBa1,6oURWs2pULRYC9JAhLEaw8,,65,2022-06-27,258717,False,https://open.spotify.com/track/6oURWs2pULRYC9JAhLEaw8,0.681,0.667,8,-7.339,1,0.0345,0.0344,0.000187,0.0943,0.372,100.001
Ishq Wala Love,"Vishal-Shekhar, Salim Merchant, Neeti Mohan, Shekhar Ravjiani",Student of the Year (Original Motion Picture Soundtrack),1Q9pYTcpVfz0eJTZZczELy,1hQia6rxgfM1ly2hE3StWp,,72,2012-08-31,257973,False,https://open.spotify.com/track/1hQia6rxgfM1ly2hE3StWp,0.711,0.295,0,-12.377,0,0.0334,0.534,4.51e-05,0.0782,0.694,135.041
Mazaak,Anuv Jain,Mazaak,4Z5Z0qWzKvTgv7XRnodjNU,6BvRzfqi3sMAoQYnRpMVL0,,65,2022-09-16,212055,False,https://open.spotify.com/track/6BvRzfqi3sMAoQYnRpMVL0,0.534,0.461,2,-11.292,1,0.0295,0.795,1.51e-06,0.114,0.244,145.972
Awari,"Adnan Dhool, Momina Mustehsan",Ek Villain,3EkmvTqyKrnMw1WiVpsSwF,7IEww1rwWe1scos6rarOYh,,62,2014-05-28,320757,False,https://open.spotify.com/track/7IEww1rwWe1scos6rarOYh,0.322,0.515,3,-6.908,0,0.0341,0.668,5.01e-06,0.0907,0.16,149.912
Tumhi Dekho Naa,"Shankar-Ehsaan-Loy, Sonu Nigam, Alka Yagnik",Kabhi Alvida Naa Kehna (Original Motion Picture Soundtrack),4hYTERVUXY74XJdm8tyXBV,2ILhVeTkbDAYEvesCCBsNo,,60,2006-06-08,347453,False,https://open.spotify.com/track/2ILhVeTkbDAYEvesCCBsNo,0.525,0.448,2,-10.365,0,0.0391,0.572,1.51e-05,0.107,0.356,81.131
Sooraj Dooba Hain,"Arijit Singh, Aditi Singh Sharma",Roy,4ixAjixkWs8mCNdlTH1Cdf,48pyUxg9RYuwie5M9R7qRn,,70,2015-01-09,264854,False,https://open.spotify.com/track/48pyUxg9RYuwie5M9R7qRn,0.616,0.75,2,-4.629,1,0.0594,0.172,0.0,0.137,0.434,128.051
Bakhuda Tumhi Ho,"Atif Aslam, Alka Yagnik, Pritam",Kismat Konnection (Original Motion Picture Soundtrack),61cQuizKixGgQTi0Le6M8N,0h73AwuEY2x44cBMOP58fO,,63,2008-07-18,292493,False,https://open.spotify.com/track/0h73AwuEY2x44cBMOP58fO,0.322,0.752,2,-3.457,1,0.0422,0.633,0.0,0.129,0.502,126.967
Dhalti Rahe,Twin Strings,Dhalti Rahe - Single,6K6FlYlCsICjLaSNn9Dp3Y,7ztSVy67w9rXpKg5L2zN5l,,50,2019-01-08,287000,False,https://open.spotify.com/track/7ztSVy67w9rXpKg5L2zN5l,0.65,0.327,10,-11.441,1,0.0324,0.725,0.000302,0.0824,0.196,140.047
Baarish Ka Asar,Twin Strings,Baarish Ka Asar,6ZqPFOO9erbfD7BHpNn2Jj,6J4oLY2GEwOsUgEd50IpKy,,57,2020-12-09,245500,False,https://open.spotify.com/track/6J4oLY2GEwOsUgEd50IpKy,0.59,0.63,9,-6.735,1,0.0279,0.469,1.02e-05,0.15,0.227,119.962
Saiyyan,"Kailash Kher, Paresh Kamath, Naresh Kamath",Jhoomo Re,1DzYor2sqKFs4Z6qcUl0V5,2vR23BjIzpLMtzsyKrM6Mb,,71,2011-06-03,343907,False,https://open.spotify.com/track/2vR23BjIzpLMtzsyKrM6Mb,0.473,0.562,0,-8.624,1,0.0451,0.65,0.000117,0.12,0.316,74.653
Dariya,Vismay Patel,Dariya,5waD3IDJagOpwrRfGggHBV,6pvpFQ2jaI6oXAswo3GSUW,,56,2021-09-04,216107,False,https://open.spotify.com/track/6pvpFQ2jaI6oXAswo3GSUW,0.62,0.222,4,-15.676,1,0.0353,0.905,0.000809,0.134,0.339,89.94
Kitna Hai Pyaar,Ashu Shukla,Kitna Hai Pyaar,5GpDGg0N5EdJUuFu9aRq6b,55BhqtuMPRai0ci6AjY8PK,,42,2021-02-14,263520,False,https://open.spotify.com/track/55BhqtuMPRai0ci6AjY8PK,0.288,0.281,3,-9.876,1,0.029,0.798,0.0,0.0813,0.376,83.211
Kho Gaye,"Taaruk Raina, Mismatched",Mismatched: Season 2 (Music from the Netflix Series),2bJRbj971pXenefii5i3mY,5iaKalECn9aYPfh9w07yOX,,0,2022-09-30,197763,False,https://open.spotify.com/track/5iaKalECn9aYPfh9w07yOX,0.478,0.374,8,-11.627,0,0.0361,0.628,0.000736,0.0979,0.218,76.163
Aise Kyun - Ghazal Version,"Rekha Bhardwaj, Anurag Saikia, Raj Shekhar, Mismatched",Mismatched: Season 2 (Music from the Netflix Series),2bJRbj971pXenefii5i3mY,2wDsZgFps34cgGMiYeeszB,,0,2022-09-30,329081,False,https://open.spotify.com/track/2wDsZgFps34cgGMiYeeszB,0.395,0.378,3,-9.743,1,0.0443,0.88,0.0879,0.105,0.286,152.204
Aise Kyun,"Anurag Saikia, Raghav Chaitanya, Nikhita Gandhi",Mismatched: Season 1 (Music from the Netflix Original Series),12Dgn6ZWJeKx74r7QUunGk,4DsDQlJ3ZNSJRUV6djKi8Q,,0,2020-11-11,264934,False,https://open.spotify.com/track/4DsDQlJ3ZNSJRUV6djKi8Q,0.528,0.435,5,-9.699,1,0.0347,0.705,2.98e-05,0.103,0.293,172.115
Muskan,Dikshant,Muskan,3NLZpWHd23xx5YYveGbNlv,16ZcfVSuCcBDdlpvmEIA1i,,48,2022-07-25,198303,False,https://open.spotify.com/track/16ZcfVSuCcBDdlpvmEIA1i,0.562,0.255,5,-11.942,1,0.0291,0.908,0.000119,0.0666,0.438,159.016
Hum Badal Gaye,"Dikshant, Sourabh Adhya",Hum Badal Gaye,7kSh84hPPF2mSYvZjqg3zY,3p4IJ68Ety6aqzkpV3Gov8,,29,2021-08-06,240072,False,https://open.spotify.com/track/3p4IJ68Ety6aqzkpV3Gov8,0.72,0.594,7,-7.711,1,0.0299,0.741,0.00064,0.0636,0.266,123.001
Oh Humrahi,Dikshant,Oh Humrahi,3ZIGhdkGgH6f1QFGpUVCdu,7wtn0lFKgldbWvp8mo1A1s,,17,2020-01-12,264008,False,https://open.spotify.com/track/7wtn0lFKgldbWvp8mo1A1s,0.572,0.23,7,-12.385,1,0.0283,0.791,7.31e-06,0.0914,0.241,159.872
Kitaab,"Gravero, Happy Pills, Dikshant",Kitaab,1GhUS1QvICbkcPkeAN1M34,0C3ZTjUS7XqO9znjYl5CPM,,0,2022-02-11,148390,False,https://open.spotify.com/track/0C3ZTjUS7XqO9znjYl5CPM,0.553,0.378,4,-10.735,1,0.0688,0.607,0.000324,0.26,0.332,170.051
Aasmaan,"Gravero, Dikshant",Aasmaan,0Tf66o5FjGeG2Lhkl8h6mE,25Lek2TM4yypBuC3hyVLMN,,0,2021-10-06,173913,False,https://open.spotify.com/track/25Lek2TM4yypBuC3hyVLMN,0.607,0.324,11,-13.045,0,0.0315,0.327,0.000122,0.191,0.38,138.049
Maan Meri Jaan,King,Champagne Talk,15CyNDuGY5fsG0Hn9rjnpG,1418IuVKQPTYqt7QNJ9RXN,,82,2022-10-12,194654,False,https://open.spotify.com/track/1418IuVKQPTYqt7QNJ9RXN,0.698,0.505,6,-8.242,0,0.0356,0.354,0.0,0.0995,0.396,95.868
WOH,"Ikka, Dino James, Badshah",WOH,0hYH2JNegSbU72fmNnQ3LW,1QUU43rTDMnGl4xyaIfsYN,,65,2022-11-29,328421,False,https://open.spotify.com/track/1QUU43rTDMnGl4xyaIfsYN,0.753,0.594,3,-6.948,0,0.307,0.536,0.00038,0.304,0.478,189.909
Voodoo (with J Balvin & Tainy),"Badshah, J Balvin, Tainy",Voodoo (with J Balvin & Tainy),0VGq5Ld7zAUVloiMrNa5qQ,4OUAXw3SXI7bUiNtKC7ErW,,60,2022-04-22,198131,True,https://open.spotify.com/track/4OUAXw3SXI7bUiNtKC7ErW,0.797,0.782,3,-4.658,0,0.0504,0.00335,0.0,0.138,0.503,99.999
Zindagi,Dikshant,Zindagi,3UNWH4z6k23WU8JahHq1kM,3Zs4kdU0HS1Lm8prl4Yenz,,37,2022-12-09,198969,False,https://open.spotify.com/track/3Zs4kdU0HS1Lm8prl4Yenz,0.819,0.386,1,-9.169,1,0.0374,0.396,0.0,0.0609,0.441,122.931
Teri Jhuki Nazar,"Pritam, Shafqat Amanat Ali",Murder 3 (Original Motion Picture Soundtrack),59mJQyT1wOf5irSqfJNI43,3beYHVCFKzbdNjJqjKeYpM,,67,2013-02-01,279187,False,https://open.spotify.com/track/3beYHVCFKzbdNjJqjKeYpM,0.386,0.815,11,-3.395,1,0.0417,0.707,0.0,0.159,0.349,124.293
,,,7fL3C5d4cFW7XLZHq4jPwX,7Els4IIFYa4P4RxBkZkxdd,,0,0000,261702,False,https://open.spotify.com/track/7Els4IIFYa4P4RxBkZkxdd,0.586,0.562,9,-7.399,1,0.0267,0.803,5.52e-06,0.063,0.436,93.982
Teri Yaad,Aditya Rikhari,Teri Yaad,1QE4rDAvMrYGSpVdbrFIRH,3uUAbrwsttRpv2kfAvAUN9,,61,2023-02-07,230649,False,https://open.spotify.com/track/3uUAbrwsttRpv2kfAvAUN9,0.433,0.383,8,-12.059,0,0.125,0.814,0.0,0.0975,0.288,77.074
Labon Ko,"Pritam, KK",Bhool Bhulaiyaa,4BKbiFqwZBaBG6MeDdkwID,5WncH5iZ5GFlnXm7jKEXVP,,69,2007-09-05,341028,False,https://open.spotify.com/track/5WncH5iZ5GFlnXm7jKEXVP,0.63,0.837,9,-4.635,0,0.0387,0.329,0.00271,0.159,0.473,107.997
Shukran Allah,"Salimâ€“Sulaiman, Sonu Nigam, Shreya Ghoshal, Salim Merchant",Kurbaan (Original Motion Picture Soundtrack),7gJUjDpRvBRY5oCh4pC9d5,3nKEiJUeaWn8q2O9I1xwlB,,66,2009-10-15,290053,False,https://open.spotify.com/track/3nKEiJUeaWn8q2O9I1xwlB,0.432,0.695,1,-8.022,1,0.111,0.732,0.0014,0.274,0.513,116.153
Mann Mera,Gajendra Verma,Table No. 21 (Original Motion Picture Soundtrack),7Gws1vUsWltRs58x8QuYVQ,3yV2c3cYhkAwSsxAq6nRiv,,74,2012-12-21,200120,False,https://open.spotify.com/track/3yV2c3cYhkAwSsxAq6nRiv,0.535,0.765,1,-7.862,0,0.0444,0.054,0.0,0.0921,0.373,191.827
Malang Sajna,"Sachet Tandon, Parampara Tandon, Kumaar, Sachet-Parampara",Malang Sajna,7khRLZe8P6XcUoRgOa3nnf,73K33p4Vyz9koXGqmL5eFs,,82,2022-12-19,160194,False,https://open.spotify.com/track/73K33p4Vyz9koXGqmL5eFs,0.739,0.716,10,-4.964,1,0.037,0.232,0.0,0.33,0.871,113.943
Alfaazo,Mitraz,Alfaazo,6xy5HvqMaDhB1EGlqE5iju,6KvXpACADAz73IPrCgXobL,,69,2023-01-19,158448,False,https://open.spotify.com/track/6KvXpACADAz73IPrCgXobL,0.688,0.523,2,-8.67,1,0.0349,0.365,0.0038,0.122,0.284,100.055
Ilzaam (From the Album 'Industry'),"Arjun Kanungo, King",Ilzaam (From the Album 'Industry'),3l4aFewGXpPsQJbIa1AnGj,1ZMq0qzXfGnFo7BN03yddJ,,73,2022-04-07,247375,False,https://open.spotify.com/track/1ZMq0qzXfGnFo7BN03yddJ,0.697,0.66,10,-5.459,0,0.0352,0.472,0.0,0.243,0.301,93.011
Maan Meri Jaan (Afterlife),"King, Nick Jonas",Maan Meri Jaan (Afterlife),02K4LsS2gNvzJzdVsrZ6Wc,0NapkeC45rszeuSgbvcjx4,,69,2023-03-10,190163,False,https://open.spotify.com/track/0NapkeC45rszeuSgbvcjx4,0.67,0.533,6,-8.04,0,0.0684,0.0403,0.0,0.0938,0.339,95.991
Ishq Tera,"Stavya Kaila, Aditya Rikhari",Ishq Tera,4JhkprKVAYaAnIy3ZtaEe5,0e0RemD0u9IzhdhrEq5Vq5,,38,2023-02-14,191500,False,https://open.spotify.com/track/0e0RemD0u9IzhdhrEq5Vq5,0.622,0.302,10,-15.009,0,0.0446,0.573,0.0,0.145,0.174,120.116
Chedkhaniyan,"Pritam, Arijit Singh, Nikhita Gandhi, IP Singh, Shloke Lal",Shehzada,1f7Azj2aXoQeaHQE9eLcxo,46ESraSohgfDegbLndrRO3,,42,2023-02-28,231421,False,https://open.spotify.com/track/46ESraSohgfDegbLndrRO3,0.716,0.876,7,-3.777,1,0.0694,0.38,0.0,0.394,0.849,124.903
Mere Sawaal Ka,"Pritam, Shashwat Singh, Shalmali Kholgade, Shloke Lal",Shehzada,1f7Azj2aXoQeaHQE9eLcxo,2cQfFbnA1meMjsYMolAl8d,,42,2023-02-28,255173,False,https://open.spotify.com/track/2cQfFbnA1meMjsYMolAl8d,0.759,0.698,2,-8.571,1,0.0651,0.737,7.15e-06,0.13,0.482,106.013
Zehen,Mitraz,Zehen,6V5jxNi2199mv78TkZMCox,15Hh48XELbgkS3HQUC2hUq,,62,2022-11-18,154091,False,https://open.spotify.com/track/15Hh48XELbgkS3HQUC2hUq,0.565,0.635,10,-6.534,1,0.0491,0.305,3.71e-06,0.0996,0.404,193.991
Hairat,Lucky Ali,Anjaana Anjaani,6FC95PYKFrO8UYhjCidPZ9,6512hyAQxOng8v4R71IV47,,58,2010-08-19,247072,False,https://open.spotify.com/track/6512hyAQxOng8v4R71IV47,0.618,0.765,9,-5.492,0,0.0661,0.0111,0.000363,0.122,0.439,104.004
Dooriyan,"Mohit Chauhan, Pritam",Love Aaj Kal (Original Motion Picture Soundtrack),2yoQE2XBnwdUyoOkoprTfT,5F79ZdjOwGOhUKRHx94sr1,,67,2009-07-31,337360,False,https://open.spotify.com/track/5F79ZdjOwGOhUKRHx94sr1,0.523,0.714,7,-6.584,0,0.0511,0.633,0.0,0.0875,0.616,122.969
jaana,Zaeden,jaana,5bftUl6VwWmOIUdpKret6g,5v5G6frYHlwf6YkhR0cYQN,,48,2023-02-21,181471,False,https://open.spotify.com/track/5v5G6frYHlwf6YkhR0cYQN,0.715,0.613,11,-8.188,0,0.0552,0.543,0.000316,0.15,0.263,101.994
Gulabi,"Sachin-Jigar, Jigar Saraiya, Priya Saraiya, Jaideep Sahni",Shuddh Desi Romance,1rrjdhGZe4vVjwxJETqQbK,22kRCQPyNXWZSQEcDvCmGD,,65,2013-08-19,230661,False,https://open.spotify.com/track/22kRCQPyNXWZSQEcDvCmGD,0.673,0.663,4,-10.026,1,0.0446,0.0648,1.79e-05,0.117,0.678,124.002
Taare,"Tanishk Bagchi, Rashmi Virag",Taare,0MBhtO0M46aexQWmqzq6sY,3kzhjDvTZ163cvxAgZgdGi,,45,2023-02-23,195257,False,https://open.spotify.com/track/3kzhjDvTZ163cvxAgZgdGi,0.852,0.353,9,-11.551,1,0.0643,0.551,0.0,0.0734,0.61,105.008
I Hate Luv Storys,"Vishal-Shekhar, Vishal Dadlani",I Hate Luv Storys (Original Motion Picture Soundtrack),4SPHfSWibeoFCSdR4vd5QL,4zUPL2OPTO3hgNhjaA1Rjn,,60,2010-05-25,285213,False,https://open.spotify.com/track/4zUPL2OPTO3hgNhjaA1Rjn,0.747,0.81,11,-8.352,0,0.0541,0.0688,0.0405,0.0592,0.937,130.012
Chup Chup Ke,"Pritam, Shaan, Muazzam, Rizwan Ali Khan",Rush,3PkrQdrzWhrQ3c4cnbedfi,5Sif2EoFy6jvZ31s0wsB6Y,,53,2012-10-09,229652,False,https://open.spotify.com/track/5Sif2EoFy6jvZ31s0wsB6Y,0.691,0.738,9,-5.922,1,0.0865,0.711,0.0,0.397,0.871,90.033
Nashe Si Chadh Gayi,"Vishal-Shekhar, Arijit Singh, Caralisa Monteiro, Jaideep Sahni",Befikre,2NdNeBKi8ctKgKRH5UGRbO,0biCSADTAblvLTLtJz4pXO,,73,2016-12-01,237876,False,https://open.spotify.com/track/0biCSADTAblvLTLtJz4pXO,0.799,0.784,4,-5.207,0,0.0519,0.11,2.84e-06,0.227,0.26,96.953
Jaise Mera Tu,"Sachin-Jigar, Arijit Singh, Priya Saraiya",Happy Ending (Original Motion Picture Soundtrack),2tkBjsDswNuXjfVertqYPV,7G7ulwd8y8UDjzSfiu3H6y,,55,2014-10-21,256003,False,https://open.spotify.com/track/7G7ulwd8y8UDjzSfiu3H6y,0.486,0.702,4,-6.542,1,0.0477,0.354,0.000116,0.0976,0.254,149.929
Sajde,"Pritam, KK, Sunidhi Chauhan",Khatta Meetha,0rA5WWDEVXDEizsgwS2hR4,4N66qcycDiFLJGjnXiKbKX,,62,2010-06-21,305583,False,https://open.spotify.com/track/4N66qcycDiFLJGjnXiKbKX,0.693,0.638,11,-6.715,1,0.0498,0.354,3.32e-06,0.0972,0.747,90.005
Tum Hi Ho Bandhu,"Neeraj Shridhar, Kavita Seth, Pritam",Cocktail (Original Motion Picture Soundtrack),1y5h6GBXEgFjBDHThikj1w,7H3mfOvtPNA8YDF3EdKy0L,,68,2012-06-15,283693,False,https://open.spotify.com/track/7H3mfOvtPNA8YDF3EdKy0L,0.715,0.89,11,-5.438,0,0.051,0.00111,0.000837,0.0297,0.891,134.994
Ishq Hai,Aditya Rikhari,Ishq Hai,2I6tRy7PoqGcZ3jk2ZiXCT,0xxLA43F0tVzRSxb3XlBNy,,48,2023-04-18,252632,False,https://open.spotify.com/track/0xxLA43F0tVzRSxb3XlBNy,0.508,0.629,10,-7.847,0,0.0925,0.272,1.56e-05,0.107,0.296,189.887
Hona Tha Pyar,"Atif Aslam, Hadiqa Kiani",Bol (Original Motion Picture Soundtrack),7AXmb2bA5LW5DclaDElH4l,0KSOLEBixnBYIKNHF1VbzF,,63,2011-06-05,221987,False,https://open.spotify.com/track/0KSOLEBixnBYIKNHF1VbzF,0.687,0.542,4,-8.689,1,0.0307,0.571,0.0307,0.118,0.782,102.994
Khayaal,"Abhijeet Srivastava, Prateeksha Srivastava",Khayaal,4EArcY1dBXz075hMxNgRUN,18qN1yxa4SVwmykQq1Icrl,,59,2020-07-03,162207,False,https://open.spotify.com/track/18qN1yxa4SVwmykQq1Icrl,0.5,0.677,0,-7.73,0,0.0634,0.21,0.0,0.118,0.524,149.751
Nadiyon Sa,Mitraz,Nadiyon Sa,2M7xkC8mDwQoEprmEx36pF,5sHtSBMrHITVhXAGTAee1J,,57,2023-05-13,160000,False,https://open.spotify.com/track/5sHtSBMrHITVhXAGTAee1J,0.689,0.479,0,-7.935,0,0.0446,0.356,0.00531,0.119,0.598,98.992
Madhubala,Amit Trivedi,Songs of Love,0jpXgPEyyujKElDwbCWL7o,3hcwpXiJtR7kwDrWllcH0v,,57,2021-02-12,243333,False,https://open.spotify.com/track/3hcwpXiJtR7kwDrWllcH0v,0.671,0.182,0,-13.321,1,0.0293,0.983,0.0154,0.123,0.336,107.872
Roz Roz,"The Yellow Diary, Shilpa Rao",Roz Roz,1XRn1HkOk0Nc3fLKcfkNu2,6E6BCsQHXDAdXsrL7zV71N,,60,2021-02-04,218550,False,https://open.spotify.com/track/6E6BCsQHXDAdXsrL7zV71N,0.653,0.446,0,-7.867,1,0.0351,0.546,4.52e-05,0.109,0.472,100.018
Zihaal e Miskin,"Javed-Mohsin, Vishal Mishra, Shreya Ghoshal",Zihaal e Miskin,54ubCIO3voLnU7ZmJhxqBd,51DEaelXeJJ6cFFYbX8Hal,,78,2023-05-25,243953,False,https://open.spotify.com/track/51DEaelXeJJ6cFFYbX8Hal,0.581,0.632,9,-7.166,0,0.0331,0.259,0.0,0.0903,0.386,128.844
Tinka,Aditya Rikhari,Tinka,6nklrGCdQRC5NUuYoM9DMP,3qaRvg6ycuTAQKgTnlhpjn,,51,2023-05-30,199500,False,https://open.spotify.com/track/3qaRvg6ycuTAQKgTnlhpjn,0.647,0.375,6,-10.706,0,0.0349,0.437,0.0,0.0805,0.394,99.992
"Na Sata (From ""Highway Love"")",Saudur,"Na Sata (From ""Highway Love"")",6rIeU5F1D0nB0LRZ41xKma,4zqSM3FthOw4OhabVdOPvr,,51,2020-12-18,211456,False,https://open.spotify.com/track/4zqSM3FthOw4OhabVdOPvr,0.637,0.28,6,-18.191,1,0.0396,0.901,0.0343,0.102,0.677,97.946
Laaya,Mitraz,Laaya,5nmLWle4JKpncfCbsCBNe9,47EJ5d0ClIsqpMcfBt52Ji,,57,2022-05-23,168124,False,https://open.spotify.com/track/47EJ5d0ClIsqpMcfBt52Ji,0.339,0.413,7,-14.033,0,0.0889,0.664,1.17e-05,0.089,0.271,68.174
Junoon,Mitraz,Junoon,5j7k8clw2nghIdjcn36Ixg,1Y5treJOPB7WnAMZnsA5u8,,46,2022-01-30,191111,False,https://open.spotify.com/track/1Y5treJOPB7WnAMZnsA5u8,0.606,0.597,4,-7.963,0,0.0381,0.208,0.0,0.0831,0.2,107.994
Teri Ho Na Saki,King,Shayad Woh Sune,46DB2EWNmSBSZc5YlCdmCm,4wr3QwOxLqh4uBlHKhtTlx,,68,2023-07-14,231904,False,https://open.spotify.com/track/4wr3QwOxLqh4uBlHKhtTlx,0.504,0.5,0,-9.072,1,0.064,0.853,0.0,0.161,0.411,78.506
Laapata,King,Shayad Woh Sune,46DB2EWNmSBSZc5YlCdmCm,3dKG1vk1DMZqjFk1BdxuOu,,63,2023-07-14,234545,False,https://open.spotify.com/track/3dKG1vk1DMZqjFk1BdxuOu,0.624,0.516,7,-8.619,1,0.0302,0.455,0.000189,0.334,0.363,86.999
Te Amo (Duet),"Pritam, Ash King, Sunidhi Chauhan",Dum Maaro Dum,5RM8pIBX8zU9g8U5WG4zfZ,3x55c9UVpbURc2T02DLfEM,,61,2011-03-15,284723,False,https://open.spotify.com/track/3x55c9UVpbURc2T02DLfEM,0.594,0.757,11,-5.381,1,0.0504,0.606,0.0,0.251,0.597,127.894
Tu Hi Meri Shab Hai,KK,Gangster,6c2zupXpRImauhHNbuGmM8,4IGfpRPTnhzZyL74Ilubrb,,67,2006-09-08,387947,False,https://open.spotify.com/track/4IGfpRPTnhzZyL74Ilubrb,0.568,0.726,9,-6.087,0,0.0366,0.491,0.000764,0.122,0.564,118.842
"Shayad (Aaj Kal) - From ""Love Aaj Kal""","Pritam, Arijit Singh","Shayad (Aaj Kal) [From ""Love Aaj Kal""]",2L3XNwkrdYWWi08k304lJM,3WXvr6rwl4I8U3ancJ08Yy,,68,2020-06-09,220588,False,https://open.spotify.com/track/3WXvr6rwl4I8U3ancJ08Yy,0.531,0.785,5,-7.11,0,0.0309,0.258,0.000157,0.11,0.295,135.831
"Janiye (from the Netflix Film ""Chor Nikal Ke Bhaga"")","Vishal Mishra, Rashmeet Kaur","Janiye (from the Netflix Film ""Chor Nikal Ke Bhaga"")",0kZKLq2WZQWvXvbxvK6YoC,0645eBDehHcqfiF15hscQV,,84,2023-03-17,223390,False,https://open.spotify.com/track/0645eBDehHcqfiF15hscQV,0.578,0.444,8,-11.447,0,0.0644,0.44,0.0,0.146,0.36,76.032
Be Intehaan,"Atif Aslam, Sunidhi Chauhan, Pritam",Race 2 (Original Motion Picture Soundtrack),1Q5RHgCR1iKzaZzJurDKEK,6g0HHWLJwfe2PlbgHi8pBj,,60,2012-01-25,290867,False,https://open.spotify.com/track/6g0HHWLJwfe2PlbgHi8pBj,0.56,0.696,7,-5.583,1,0.0473,0.535,0.0,0.325,0.39,128.849
Tu Jaane Na,"Atif Aslam, Pritam",Ajab Prem Ki Ghazab Kahani (Original Motion Picture Soundtrack),13t8iDyl1vkhPcO3Zl29a9,4iFPsNzNV7V9KJgcOX7TEO,,68,2009-11-06,341933,False,https://open.spotify.com/track/4iFPsNzNV7V9KJgcOX7TEO,0.702,0.86,7,-3.969,1,0.0345,0.361,1.33e-06,0.133,0.829,120.042
Aa Jao Meri Tamanna,"Javed Ali, Jojo Nathaniel, Pritam",Ajab Prem Ki Ghazab Kahani (Original Motion Picture Soundtrack),13t8iDyl1vkhPcO3Zl29a9,30IOhjcKbULQUt66nYkUvW,,58,2009-11-06,245688,False,https://open.spotify.com/track/30IOhjcKbULQUt66nYkUvW,0.486,0.881,2,-3.795,0,0.0558,0.0386,0.0,0.0678,0.637,89.219
Tera Hi Rahun,Gajendra Verma,Tera Hi Rahun,43Z8B8pZMhCXvKPaplRSOf,3kK3mhICgeJmANUIrCGNLb,,58,2016-07-01,301500,False,https://open.spotify.com/track/3kK3mhICgeJmANUIrCGNLb,0.567,0.351,7,-10.273,1,0.024,0.75,0.000191,0.104,0.385,160.086
Heeriye (feat. Arijit Singh),"Jasleen Royal, Arijit Singh, Dulquer Salmaan",Heeriye (feat. Arijit Singh),1wt2WZBZZ9GhM0AC61l7SS,5PUXKVVVQ74C3gl5vKy9Li,,90,2023-07-25,194857,False,https://open.spotify.com/track/5PUXKVVVQ74C3gl5vKy9Li,0.728,0.494,6,-9.628,0,0.0256,0.516,0.00384,0.0759,0.558,105.007
With You,AP Dhillon,With You,30eM1PJ8qLZJeEykhcje0j,0xIuPDzJSnJywALez8dwKR,,86,2023-08-11,154554,False,https://open.spotify.com/track/0xIuPDzJSnJywALez8dwKR,0.78,0.744,2,-4.773,1,0.0298,0.161,0.0011,0.201,0.925,116.978
Suno Aisha,"Amit Trivedi, Nakash Aziz, Ash King",Aisha (Original Motion Picture Soundtrack),4h2SfJt00zfnnoQSCuOmkc,0MjL7YQ02qH7nxfayhbmfp,,51,2010-07-05,260027,False,https://open.spotify.com/track/0MjL7YQ02qH7nxfayhbmfp,0.862,0.673,7,-6.686,1,0.0688,0.33,0.00856,0.0961,0.841,105.003
Raabta,"Pritam, Arijit Singh",Agent Vinod,2DqQ34i4uuuZWTScsGIgHr,6FjbAnaPRPwiP3sciEYctO,,76,2012-02-24,243578,False,https://open.spotify.com/track/6FjbAnaPRPwiP3sciEYctO,0.657,0.581,0,-8.108,1,0.0298,0.699,1.82e-05,0.116,0.323,118.037
"Tose Naina (From ""Mickey Virus)",Arijit Singh,Love Dose Arijit Singh,5aRPSAhsXgpXhxRF8q1aLI,2fMlezwwP5Hr1UwuAknN4o,,64,2016-02-11,263549,False,https://open.spotify.com/track/2fMlezwwP5Hr1UwuAknN4o,0.523,0.561,4,-6.474,1,0.0329,0.426,0.0,0.109,0.31,139.885
Mera Mann Kehne Laga,Falak Shabbir,Latest Songs Of Ayushmann Khurrana,4cUIDQhSsQnkCLb3JIepxp,1ai3itvPFcWilE9NX0JTCf,,65,2017-09-12,227335,False,https://open.spotify.com/track/1ai3itvPFcWilE9NX0JTCf,0.46,0.444,7,-6.217,1,0.123,0.714,2.65e-05,0.0881,0.7,74.977
"Darasal (From ""Raabta"")","Atif Aslam, Jam8","Darasal (From ""Raabta"")",3ddS3O1EvJCSdp595ThD3h,3phw912iJRhtMfsdJ1k3Sr,,62,2017-06-03,274354,False,https://open.spotify.com/track/3phw912iJRhtMfsdJ1k3Sr,0.705,0.422,0,-7.375,1,0.0299,0.793,0.0,0.0895,0.482,117.948
Kasoor,Prateek Kuhad,Kasoor,7rHLltVNJFnZyNIas91XbT,08kTa3SL9sV6Iy8KLKtGql,,68,2020-06-30,197549,False,https://open.spotify.com/track/08kTa3SL9sV6Iy8KLKtGql,0.558,0.497,8,-7.175,1,0.0256,0.0285,5.36e-06,0.0799,0.444,107.047
Mishri,Anuv Jain,Mishri,0xAwBbCJPemAmPVOIe5UXw,1xtkLqZcGPQZP9549WlmfH,,64,2020-11-27,200438,False,https://open.spotify.com/track/1xtkLqZcGPQZP9549WlmfH,0.534,0.159,7,-14.304,1,0.0288,0.917,0.0,0.109,0.184,80.047
"Tune Jo Na Kaha (From ""New York"")","Pritam, Mohit Chauhan, Sandeep Shrivastava",30 Hits of Pritam,2iNCEj9IdIhP4dm0M6wdmi,216L4bediHLhvI7MQgOSAz,,51,2023-06-13,310073,False,https://open.spotify.com/track/216L4bediHLhvI7MQgOSAz,0.502,0.473,5,-12.399,1,0.0655,0.776,0.00477,0.343,0.316,79.902
Kya Tujhe Ab Ye Dil Bataye,Falak Shabbir,Sanam Re,5xP2I1UDXhE7D4GpMOoZY9,2bzgUZjCj2opToH4ilP7W0,,55,2016-01-04,336630,False,https://open.spotify.com/track/2bzgUZjCj2opToH4ilP7W0,0.538,0.383,4,-9.899,0,0.0273,0.603,2.14e-05,0.116,0.286,133.983
Baarishein (Acoustic),Anuv Jain,Baarishein (Acoustic),2YzCwXR0mLizrGV0sRVF2I,3Ro0jYDrZcygFkdomURHqt,,55,2023-07-14,209250,False,https://open.spotify.com/track/3Ro0jYDrZcygFkdomURHqt,0.42,0.158,1,-13.947,1,0.0365,0.822,5.34e-06,0.132,0.316,150.594
Teri Yaadon Mein,"KK, Shreya Ghoshal",The Killer,0p2KCqdYSEJ2ERbvxaxgQQ,4ZVfIGaZP93t0stmBj4FqA,,65,2006-06-15,287213,False,https://open.spotify.com/track/4ZVfIGaZP93t0stmBj4FqA,0.576,0.735,11,-5.811,0,0.0352,0.0233,0.00118,0.188,0.301,105.058
Tere Bin,Atif Aslam,Bas Ek Pal (Original Motion Picture Soundtrack),4G3queIFPEE6oca32RkHdT,3DpedytYku64Hjf51064vO,,60,2006-09-15,275987,False,https://open.spotify.com/track/3DpedytYku64Hjf51064vO,0.296,0.796,0,-4.846,1,0.0743,0.455,8.61e-06,0.0869,0.425,87.846
Bin Tere,"Vishal-Shekhar, Shafqat Amanat Ali, Sunidhi Chauhan",I Hate Luv Storys (Original Motion Picture Soundtrack),4SPHfSWibeoFCSdR4vd5QL,3bZPdEskcnMdepwCaDSJRl,,63,2010-05-25,330360,False,https://open.spotify.com/track/3bZPdEskcnMdepwCaDSJRl,0.585,0.698,9,-6.261,1,0.0392,0.42,3.59e-06,0.363,0.621,139.831
"Chaleya (From ""Jawan"")","Anirudh Ravichander, Arijit Singh, Shilpa Rao, Kumaar","Chaleya (From ""Jawan"")",7zAITOBN6eG4UBm4IapAik,4nc6XiUze2Yh7wFueGOPv7,,88,2023-08-14,200374,False,https://open.spotify.com/track/4nc6XiUze2Yh7wFueGOPv7,0.575,0.845,0,-5.28,1,0.0852,0.393,0.0107,0.131,0.439,95.047
Kali Kali Zulfon Ke,Madhur Sharma,Kali Kali Zulfon Ke,5sy3Yeqw1hIefmQCQs4ClP,0NvGVd87SYZnryTcfQPKUO,,63,2021-06-11,350325,False,https://open.spotify.com/track/0NvGVd87SYZnryTcfQPKUO,0.612,0.495,7,-6.699,1,0.0383,0.726,0.0,0.125,0.433,154.03
Pehli Nazar Mein,"Atif Aslam, Pritam",Race (Original Motion Picture Soundtrack),5ZA52EwvGmwTQvHaLujhry,17opN752ZQpNuoptelsNQ1,,68,2008-03-21,312893,False,https://open.spotify.com/track/17opN752ZQpNuoptelsNQ1,0.488,0.57,9,-5.602,1,0.0775,0.251,0.0,0.107,0.668,169.702
Pehli Dafa,"Atif Aslam, Shiraz Uppal",Pehli Dafa,5pAPEuGi48iywzO2NT5Ddt,4Tkb7zsDmsawB7S5TpKQV1,,72,2017-01-06,298771,False,https://open.spotify.com/track/4Tkb7zsDmsawB7S5TpKQV1,0.679,0.537,4,-7.843,1,0.0322,0.844,3.34e-06,0.108,0.481,111.979
Pehla Pyaar,"Armaan Malik, Vishal Mishra",Kabir Singh,3uuu6u13U0KeVQsZ3CZKK4,0ojpEubhy4JNeVftmVuiN7,,75,2019-06-14,272533,False,https://open.spotify.com/track/0ojpEubhy4JNeVftmVuiN7,0.607,0.713,4,-5.105,1,0.03,0.56,4.98e-05,0.101,0.611,124.868
Toh Phir Aao,Mustafa Zahid,Awarapan (Original Soundtrack),2rgMLBPzMGrnxj8NaDaIwf,4chxJYv0qsOKQukt6cKp97,,69,2022-03-21,348280,False,https://open.spotify.com/track/4chxJYv0qsOKQukt6cKp97,0.459,0.563,9,-6.369,0,0.0263,0.39,1.98e-06,0.107,0.0961,101.996
Tera Mera Rishta,Mustafa Zahid,Awarapan (Original Soundtrack),2rgMLBPzMGrnxj8NaDaIwf,2PxZSFOv7RebkeSEwQTjr7,,69,2022-03-21,347040,False,https://open.spotify.com/track/2PxZSFOv7RebkeSEwQTjr7,0.575,0.895,4,-3.417,0,0.0541,0.0521,0.00142,0.104,0.648,102.02
Phir Mohabbat,"Mohammed Irfan, Arijit Singh, Saim Bhat",Murder 2,1vUKBCizrhzhTZ8tgqL8db,2b2HutIDmoeBnnKRWDLAtV,,69,2011-05-30,329851,False,https://open.spotify.com/track/2b2HutIDmoeBnnKRWDLAtV,0.461,0.481,0,-6.389,0,0.0327,0.789,1.01e-06,0.127,0.262,199.807
Hale Dil,Harshit Saxena,Murder 2,1vUKBCizrhzhTZ8tgqL8db,6GQK4G5o60E8YA18DGpAzv,,68,2011-05-30,346627,False,https://open.spotify.com/track/6GQK4G5o60E8YA18DGpAzv,0.494,0.899,11,-5.081,0,0.165,0.599,3.43e-05,0.111,0.559,79.895
Tujhe Sochta Hoon,"Pritam, KK",Jannat 2 (Original Motion Picture Soundtrack),6CtqkIRtoYPHgFc1ft1DPi,47l2Dd3XPBLio3kjbEMyDJ,,65,2012-03-30,313933,False,https://open.spotify.com/track/47l2Dd3XPBLio3kjbEMyDJ,0.579,0.712,0,-6.119,0,0.0308,0.259,0.000253,0.18,0.486,80.998
Jannatein Kahan,"Pritam, KK",Jannat 2 (Original Motion Picture Soundtrack),6CtqkIRtoYPHgFc1ft1DPi,62wnQra2VgCUyHO3BUIAcr,,69,2012-03-30,228093,False,https://open.spotify.com/track/62wnQra2VgCUyHO3BUIAcr,0.545,0.77,0,-6.102,1,0.0655,0.308,2.8e-05,0.167,0.696,159.975
